{
    "predictions": [
        {
            "x": 459,
            "y": 147,
            "w": 493,
            "h": 573,
            "center_x": 705,
            "center_y": 433,
            "depth": 1.1160000562667847,
            "confidence": 0.7354613542556763,
            "class": "person"
        },
        {
            "x": 0,
            "y": 0,
            "w": 157,
            "h": 268,
            "center_x": 78,
            "center_y": 134,
            "depth": 0.0,
            "confidence": 0.5596461296081543,
            "class": "person"
        }
    ]
}