{
    "predictions": [
        {
            "name": "person",
            "class": 0,
            "confidence": 0.8466250896453857,
            "box": {
                "x1": 135.37969970703125,
                "y1": 149.6912384033203,
                "x2": 451.8336181640625,
                "y2": 479.65643310546875
            }
        }
    ]
}