{
    "predictions": [
        {
            "name": "Hammer",
            "class": 1,
            "confidence": 0.9696981906890869,
            "box": {
                "x1": 309.9482421875,
                "y1": 157.60302734375,
                "x2": 546.40576171875,
                "y2": 720.0
            }
        },
        {
            "name": "Wrench",
            "class": 4,
            "confidence": 0.9680137634277344,
            "box": {
                "x1": 560.3934936523438,
                "y1": 284.521728515625,
                "x2": 763.0562133789062,
                "y2": 671.857177734375
            }
        },
        {
            "name": "Pliers",
            "class": 2,
            "confidence": 0.9474135637283325,
            "box": {
                "x1": 1128.380126953125,
                "y1": 299.4439697265625,
                "x2": 1279.89453125,
                "y2": 710.544677734375
            }
        }
    ]
}